{
  "DuAn": [
    {
      "id": 1,
      "tenDuAn": "Quản lý trại heo",
      "ngayStart": "2022-03-01",
      "tien": 67000000,
      "leader": 1,
      "thanhvien": [1, 3, 4]
    },
    {
      "id": 2,
      "tenDuAn": "Cây xanh công viên",
      "ngayStart": "2022-04-02",
      "tien": 98500000,
      "leader": 1,
      "thanhvien": [1, 3, 4]
    },
    {
      "id": 3,
      "tenDuAn": "Website văn hóa Việt",
      "ngayStart": "2022-04-15",
      "tien": 35000000,
      "leader": 2,
      "thanhvien": [2, 4]
    }
  ],
  "NhanVien": [
    {
      "id": 1,
      "ho": "Nguyễn Bá",
      "ten": "Đạo",
      "ngaysinh": "2001-01-03",
      "phai": true,
      "khuvuc": "Bắc"
    },
    {
      "id": 2,
      "ho": "Phạm Kỷ",
      "ten": "Luật",
      "ngaysinh": "2001-05-06",
      "phai": true,
      "khuvuc": "Trung"
    },
    {
      "id": 3,
      "ho": "Mai Thanh",
      "ten": "Toán",
      "ngaysinh": "2001-06-15",
      "phai": false,
      "khuvuc": "Nam"
    },
    {
      "id": 4,
      "ho": "Bùi Văn",
      "ten": "Chí",
      "ngaysinh": "1991-06-15",
      "phai": false,
      "khuvuc": "Nam"
    }
  ],
  "Task": [
    {
      "id": 1,
      "tenTask": "Phân tích yêu cầu",
      "duAnID": 1,
      "nhanvienID": 1,
      "moTa": "Phân tích yêu cầu...",
      "status": 0,
      "priority": 1
    },
    {
      "id": 2,
      "tenTask": "Thực hiện layout",
      "duAnID": 1,
      "nhanvienID": 2,
      "moTa": "Thực hiện layout...",
      "status": 0,
      "priority": 1
    },
    {
      "id": 3,
      "tenTask": "Tìm hiểu yêu cầu khách hàng",
      "duAnID": 2,
      "nhanvienID": 3,
      "moTa": "Tìm hiểu yêu cầu khách hàng...",
      "status": 0,
      "priority": 2
    }
  ]
}
